cell,cycle,IR,IR_init,IR_end,QC,QD,Tavg,Tmin,Tmax,Ctime,I,V,T,Qdlin,Tdlin,dQdV,SOH_C,SOH_IR,dqdv_peak
B2C15,1,0.016711526,0.016711526,0.018935438,0.97379017,0.97206396,30.228737149489344,29.323576,31.702265,12.295643333333343,-0.0437031828517608,3.1320919226555244,30.228737149489326,0.6524300328719944,30.10979250979708,-0.6512599485219607,88.52637909090907,100.0,5.389324411277469
B2C15,2,0.01694184,0.016711526,0.018935438,0.97256255,0.9716751,29.920580993230143,28.771191,31.388256,12.313733333333342,-0.0663913204969229,3.102753048646034,29.92058099323017,0.6512889867933297,30.31098249385216,-0.651125944105474,88.41477727272726,89.64374489638084,5.51736272944902
B2C15,3,0.016848978,0.016711526,0.018935438,0.97109348,0.97047353,29.78064576012148,28.102959,31.566097,12.227599999999985,-0.1093370935908077,3.083181272672065,29.78064576012145,0.6510394147397653,30.28715887790341,-0.654119361569449,88.28122545454545,93.81935975883938,5.542111940504005
B2C15,4,0.016517298,0.016711526,0.018935438,0.9715237,0.97087568,30.286040899702027,29.080906,32.309261,12.19099499999999,-0.0733225713458135,3.1025139702085403,30.286040899702083,0.6537886015664593,30.286204636874466,-0.6499547300256641,88.32033636363636,108.73361895614582,5.305522802105691
B2C15,5,0.016813086,0.016711526,0.018935438,0.97061402,0.97007704,30.071343243830167,29.321938,31.064802,12.302570000000014,-0.1164259919724589,3.095519093978282,30.071343243830203,0.6492975645510548,30.06708465842878,-0.6539254503757538,88.23763818181817,95.43327253956087,5.323080234275227
B2C15,6,0.016860506,0.016711526,0.018935438,0.96987641,0.96937793,29.75216557954544,28.835979,30.718166,12.232783333333344,-0.101461163006913,3.093197199621212,29.75216557954545,0.6479352142958179,29.909803338087738,-0.6489348505715125,88.17058272727272,93.30099392422002,5.510515933941533
B2C15,7,0.016873298,0.016711526,0.018935438,0.96873927,0.96829432,30.194180619999955,28.974571,32.044243,12.241105,-0.0856114778423002,3.0767760420000005,30.19418062,0.6518016061769137,30.97305706993228,-0.6566048607529056,88.06720636363636,92.72579130828927,5.214527163519215
B2C15,8,0.016689295,0.016711526,0.018935438,0.96871406,0.96825075,30.3744178227092,28.973061,31.641193,12.219638333333268,-0.0150157305191515,3.097427108565737,30.37441782270916,0.6496604928440733,30.66007102264149,-0.6479074234517941,88.06491454545454,100.9996348776391,5.511009330983881
B2C15,9,0.016683538,0.016711526,0.018935438,0.96754253,0.96712035,30.02636513502536,29.113258,31.209009,12.22585999999998,0.0053417506059897,3.087730181319797,30.02636513502538,0.6490915072001405,30.326297855694914,-0.6510512139831004,87.95841181818182,101.25850303429272,5.713497681155875
B2C15,10,0.016716938,0.016711526,0.018935438,0.96672779,0.96633095,29.81607584374997,28.544607,31.133474,12.23111000000002,-0.0734750243373625,3.088362736391129,29.816075843750003,0.6483202554075295,30.04851815455377,-0.6473593008735721,87.88434454545454,99.7566450471062,5.072468403885481
B2C15,11,0.016599366,0.016711526,0.018935438,0.96639574,0.96665663,30.958595251221883,28.615162,34.263924,12.4500933333334,-0.112487037883773,3.0963695612903224,30.95859525122189,0.6497088587880576,31.274720624078647,-0.6515590104459723,87.85415818181816,105.04336502523482,5.201281558823968
B2C15,12,0.016752237,0.016711526,0.018935438,0.9655937,0.96525216,30.71043173993802,29.293859,32.292381,12.241989999999957,-0.1118648533789848,3.0760347951496385,30.71043173993808,0.6462294047271857,31.00451020504121,-0.6460682421274916,87.78124545454544,98.16939699052844,5.4034111565608445
B2C15,13,0.016773112,0.016711526,0.018935438,0.96513933,0.96481347,30.332019457782323,28.572426,32.461243,12.342030000000038,-0.1150721072635104,3.088202608952187,30.33201945778229,0.6458445237186254,31.1029108146396,-0.6512956029069974,87.73993909090908,97.23073574853686,5.825344150167831
B2C15,14,0.01660775,0.016711526,0.018935438,0.96428668,0.96401888,30.17473189878544,27.744801,32.694458,12.32487666666663,-0.1183506853116394,3.084399352834008,30.174731898785424,0.6468198872317854,30.81605218715729,-0.6483461736553416,87.66242545454544,104.6663716909662,5.501455195070658
B2C15,15,0.016435701,0.016711526,0.018935438,0.96359128,0.96377099,30.92191254312116,29.4,33.006184,12.273651666666654,-0.0871167991616436,3.0785449761806984,30.921912543121152,0.6486819046752088,30.82772950082025,-0.6453634653294751,87.59920727272727,112.4026939914889,5.157357230750634
B2C15,16,0.016707756,0.016711526,0.018935438,0.96330959,0.96343994,30.58142571387013,29.020517,32.154926,12.393015000000014,-0.0825394146924472,3.0909288148399616,30.58142571387003,0.6420727878444179,30.18751322834853,-0.6436620704371581,87.5735990909091,100.16952109615848,4.892602985377901
B2C15,17,0.01699242,0.016711526,0.018935438,0.96301031,0.96278155,30.659256906504023,28.312033,33.836586,12.287830000000032,-0.0706997704756743,3.0741393376016264,30.659256906504066,0.639869939860097,31.21928093682447,-0.6421954206538628,87.54639181818182,87.36937432776115,5.199338152519118
B2C15,18,0.016841749,0.016711526,0.018935438,0.96196532,0.96169853,30.73039881458328,28.29763,33.499561,12.293328333333436,-0.1481256610875663,3.066621293854168,30.73039881458333,0.6447901378401001,31.328871061712977,-0.6476126121550176,87.45139272727272,94.1444175848685,5.648130191599675
B2C15,19,0.016517185,0.016711526,0.018935438,0.96137178,0.96150035,30.60948998345401,29.013966,32.680836,12.2779050000001,-0.066039212817185,3.0847396313340227,30.609489983453983,0.643629287946006,30.512749575020266,-0.6511219330630398,87.39743454545454,108.73870009244976,5.452254797114903
B2C15,20,0.016746206,0.016711526,0.018935438,0.96073198,0.96043062,30.12908885496952,29.364561,31.170443,12.263226666666744,-0.041933616655399,3.0750841349898583,30.129088854969577,0.639629586596478,29.992951500712127,-0.6437653565233705,87.3392709090909,98.44058577857405,5.470489647780191
B2C15,21,0.016864097,0.016711526,0.018935438,0.95931345,0.95908165,29.67555890269149,29.012312,30.496128,12.36573166666664,-0.0255966009534914,3.073354836542443,29.67555890269151,0.6368877088282693,29.321390187430367,-0.6389055265661624,87.21031363636364,93.13952170769343,5.3732090350076165
B2C15,22,0.016859997,0.016711526,0.018935438,0.96037412,0.96020985,30.708605162537204,28.482601,31.920208,12.2767316666667,-0.0774384335289667,3.0981351365708623,30.708605162537165,0.6431010091846875,31.31926021263254,-0.656514940667079,87.30673818181818,93.32388152049178,5.340450078404051
B2C15,23,0.016720532,0.016711526,0.018935438,0.95932919,0.95904386,30.30343037209304,29.56414,31.399551,12.35785666666658,-0.1076119746962219,3.080799526390293,30.303430372093025,0.637052869393,30.25469573732936,-0.639581419162414,87.21174454545454,99.59503793315568,5.201514176382048
B2C15,24,0.016902879,0.016711526,0.018935438,0.95817912,0.95793217,29.64096375105041,28.440052,30.84314,12.305239999999806,-0.1100727862799462,3.063900805462185,29.640963751050418,0.6323059651980139,29.784620608873624,-0.6390271774664803,87.10719272727272,91.39565774185316,5.47510418306403
B2C15,25,0.016855594,0.016711526,0.018935438,0.9575752,0.95732766,29.32492544502074,28.021458,30.755669,12.387816666666671,-0.0187954501086761,3.088726226659751,29.32492544502075,0.6334501276620713,29.597482392446363,-0.6370716367640276,87.0522909090909,93.521865973114,5.046323856351609
B2C15,26,0.016800188,0.016711526,0.018935438,0.95805669,0.95786411,30.156732100304023,28.147465,33.882641,12.279045000000044,-0.1079540123047277,3.082976986930092,30.15673210030395,0.6365404897284466,30.649738871419164,-0.6389358524169597,87.09606272727272,96.01324153113973,5.2298150624718485
B2C15,27,0.016892571,0.016711526,0.018935438,0.95628661,0.95617831,29.94075008029196,28.641617,31.302193,12.31469166666672,-0.0817558801844345,3.0632977544317,29.94075008029197,0.6331878411140477,30.40947886305191,-0.6386409225339148,86.93514636363636,91.85916529071304,5.453036540121782
B2C15,28,0.016887359,0.016711526,0.018935438,0.95619208,0.95598924,29.51867037119673,28.165857,30.773926,12.321621666666518,-0.0692137205955927,3.080319844219068,29.518670371196755,0.632066887327584,29.8130937742492,-0.6368383701850159,86.92655272727272,92.09352708200682,5.500332177790144
B2C15,29,0.01674813,0.016711526,0.018935438,0.95452297,0.95433563,29.622615152317888,27.890221,31.733992,12.297884999999953,-0.0334960080194358,3.062545507947019,29.622615152317884,0.6324164737398651,30.038209313863764,-0.6398127569051457,86.77481545454543,98.3540715639828,5.4148444700156215
B2C15,30,0.016629953,0.016711526,0.018935438,0.95562029,0.9554469,30.15904697110416,27.941111,32.116684,12.372239999999874,-0.1117861716000275,3.067714630546956,30.15904697110423,0.6346746486215734,30.52401193084604,-0.6437593796599353,86.8745718181818,103.6679958559512,5.277697086265268
B2C15,31,0.016920364,0.016711526,0.018935438,0.95466834,0.95446581,29.79401714639172,28.963064,30.675011,12.329188333333391,-0.0271431096214889,3.082321584226804,29.794017146391752,0.6290480103937484,29.88752155169932,-0.6366300374800397,86.7880309090909,90.60943058898016,5.371126339689717
B2C15,32,0.017009087,0.016711526,0.018935438,0.95431542,0.95407158,29.38505618018021,28.386448,30.12775,12.43448833333338,-0.041398632336873,3.082671446146146,29.38505618018018,0.6273210334728988,29.48365237496437,-0.6343839207506929,86.75594727272727,86.61992920583195,5.442584840739602
B2C15,33,0.016908534,0.016711526,0.018935438,0.95274454,0.95255977,29.504096472901225,28.004669,33.148853,12.418018333333505,-0.0805781532416286,3.0632327354941555,29.50409647290117,0.6304408807176098,29.90460803659456,-0.6369465858592379,86.61313999999999,91.14137609761544,5.152676521112282
B2C15,34,0.016921818,0.016711526,0.018935438,0.95325059,0.95310837,29.98625785626283,29.090403,31.493586,12.413293333333424,-0.1379913659847862,3.0640752701232032,29.98625785626283,0.6288496829558954,30.063394273648505,-0.6278801800982432,86.65914454545454,90.54405030414868,5.233753881401814
B2C15,35,0.017044304,0.016711526,0.018935438,0.95268238,0.95249701,29.580767576324124,28.532341,30.904179,12.366638333333444,-0.0850237449511658,3.075149898753894,29.580767576323986,0.6250376824342917,29.807294845843423,-0.6336483052498537,86.60748909090908,85.03636834551011,5.324479701362337
B2C15,36,0.017061207,0.016711526,0.018935438,0.9518007,0.95163614,29.3427706023454,28.060743,30.526144,12.461634999999903,-0.0682075544550881,3.0635851635394453,29.34277060234541,0.6243067517946285,29.67173635583576,-0.6347378240627484,86.52733636363637,84.27631129289298,5.698671331324763
B2C15,37,0.016943023,0.016711526,0.018935438,0.95178854,0.95160639,29.71618726590197,27.927818,31.20546,12.365815000000053,-0.0762082947740638,3.084484200729927,29.71618726590198,0.6282325810225323,30.21335433008012,-0.6339212566124462,86.52623090909091,89.59055034551723,5.050698455270354
B2C15,38,0.017025528,0.016711526,0.018935438,0.95144099,0.95125639,29.98146473061228,28.745884,31.275518,12.377155000000007,-0.1403481257041093,3.079481745918367,29.981464730612245,0.6256430178242632,30.23069766882182,-0.6310506229050266,86.49463545454546,85.88064635651045,5.377282425201113
B2C15,39,0.017025601,0.016711526,0.018935438,0.95079672,0.95059818,29.37630946700505,28.014141,30.5861,12.388420000000044,-0.148610436447555,3.079286929340101,29.37630946700508,0.623570981052421,29.839603571347467,-0.635323186595539,86.43606545454546,85.8773638525265,5.567701398535502
B2C15,40,0.01692668,0.016711526,0.018935438,0.95006913,0.94989985,29.11818408133468,27.986853,31.126175,12.36294000000004,-0.0806430123111174,3.071975094786236,29.11818408133472,0.6244675227140358,29.23981677787548,-0.6304883239991991,86.36992090909091,90.32542654565474,5.3952755866546935
B2C15,41,0.016871447,0.016711526,0.018935438,0.9499225,0.94981217,30.08879550786997,28.515907,31.327234,12.432728333333216,-0.1170136833257462,3.0877025557187827,30.08879550786989,0.629645788797892,30.242898730505896,-0.6299380563563024,86.3565909090909,92.8090230188964,5.058554667287184
B2C15,42,0.017023051,0.016711526,0.018935438,0.9494499,0.94933498,30.173135572905867,29.289473,31.418453,12.388798333333154,-0.1417500570142171,3.056692103516029,30.17313557290589,0.624965091362822,30.244789060886504,-0.6295746882694825,86.31362727272727,85.9920266629255,5.119595578959171
B2C15,43,0.017044755,0.016711526,0.018935438,0.94920552,0.94909602,29.92423868627442,28.393879,31.348923,12.489861666666547,-0.1010027887168335,3.082489145717234,29.92423868627452,0.6232192784086767,30.3148452996314,-0.6352723893679272,86.2914109090909,85.0160887661022,5.563026031413711
B2C15,44,0.016861672,0.016711526,0.018935438,0.94854194,0.94843256,29.5956544904458,27.737038,31.338608,12.466575000000011,-0.0092366373348049,3.070468905414013,29.595654490445856,0.6241415182856048,29.95422862245474,-0.6344412218202377,86.23108545454545,93.24856379209248,5.482603186814053
B2C15,45,0.016427577,0.016711526,0.018935438,0.94834042,0.94870466,30.19216432164957,27.7959,36.214054,12.356033333333228,-0.0713489033076196,3.0811698660824742,30.19216432164948,0.6268882765735988,30.073858163978866,-0.6280541775782243,86.21276545454545,112.7679962156777,4.9647882348028585
B2C15,46,0.017075442,0.016711526,0.018935438,0.94839519,0.94828206,30.117293571138138,29.068249,31.325617,12.410286666666796,0.025126335318034,3.0775163141260165,30.11729357113821,0.6222848853225589,30.15526968018321,-0.6289048811134119,86.21774454545455,83.63622301601865,5.092666942526065
B2C15,47,0.017058574,0.016711526,0.018935438,0.94739389,0.94736844,29.740010265770497,28.279222,31.615063,12.42574333333323,-0.1094057722417504,3.0712826956566697,29.740010265770422,0.6198702869763777,30.13753551385379,-0.6296498957876406,86.12671727272726,84.39470626535585,5.0163755648832495
B2C15,48,0.017017094,0.016711526,0.018935438,0.94690973,0.9467966,29.692670155118925,27.671051,31.721724,12.428003333333375,-0.0754451777632028,3.0751955753877978,29.69267015511892,0.619033020178035,30.4111102099864,-0.62752988955618,86.08270272727272,86.25988798117913,5.0991089278871415
B2C15,49,0.016580842,0.016711526,0.018935438,0.94646549,0.9462952,30.26151576560791,27.798845,33.219872,12.353566666666786,-0.1082223430142685,3.051039499342826,30.26151576560789,0.6248889647546038,30.455437727024595,-0.6289401008294064,86.04231727272726,105.87631165261946,5.295781320600543
B2C15,50,0.017008459,0.016711526,0.018935438,0.9459179,0.94575393,29.786974274736792,29.058596,30.353762,12.419443333333763,-0.1234435545189071,3.072978716210527,29.78697427473684,0.620463770288849,29.768512422231733,-0.6307265526900644,85.99253636363635,86.64816773325566,5.244885842631024
B2C15,51,0.017092459,0.016711526,0.018935438,0.945512,0.94535315,29.5294399219563,28.667227,30.346762,12.514913333333,-0.0939124865950095,3.074597845577524,29.529439921956293,0.617688980914578,29.2801054524413,-0.6267163046055239,85.95563636363636,82.87103986128946,5.076472585711258
B2C15,52,0.017108902,0.016711526,0.018935438,0.94542319,0.94536448,29.74431424563204,28.006657,34.741879,12.51377333333318,-0.0272994048970194,3.063553666084275,29.744314245632065,0.6154886554285802,28.89526009418103,-0.6245001728642381,85.94756272727273,82.13166708035217,4.894314416469763
B2C15,53,0.016989959,0.016711526,0.018935438,0.94499886,0.94490409,30.560407984076456,28.295155,32.967033,12.44957333333344,-0.1183647924195715,3.072879177176221,30.56040798407643,0.6204109707107023,30.60351650488777,-0.6268432768367361,85.90898727272727,87.48003518124825,5.211956667335456
B2C15,54,0.016971873,0.016711526,0.018935438,0.94444019,0.94428182,29.71099889225936,28.825781,30.95109,12.43922833333345,-0.1206920315814379,3.0668535729079496,29.71099889225941,0.6187672649373477,30.023453775287308,-0.6268760727636921,85.85819909090908,88.29328678472899,5.252485300355824
B2C15,55,0.017059308,0.016711526,0.018935438,0.94352359,0.94339788,29.51559149739859,28.620872,30.238869,12.45026666666672,-0.1159897247517734,3.0642720140478668,29.515591497398542,0.6156788641909797,29.63508141783981,-0.6251794919893519,85.77487181818181,84.36170136228421,5.22504048648508
B2C15,56,0.017028334,0.016711526,0.018935438,0.94304746,0.94290632,29.46303151237884,28.039507,31.624201,12.44368000000007,-0.1258817265257625,3.0724887190527443,29.4630315123789,0.6141689908422058,29.57244040009704,-0.6234998929225068,85.73158727272727,85.75447229926371,5.461531302731268
B2C15,57,0.016834883,0.016711526,0.018935438,0.94304729,0.94292444,29.9861961607515,28.894476,31.763569,12.415583333333297,-0.1519975983285719,3.0664503629436326,29.986196160751568,0.6191152249092418,29.970594802401862,-0.6218862225566596,85.7315718181818,94.4531528225938,5.064497423200632
B2C15,58,0.017153315,0.016711526,0.018935438,0.94263709,0.9425711,29.41680409677422,28.857815,30.317961,12.47910166666649,-0.0670786094592278,3.085220792507805,29.4168040967742,0.6136060030794321,29.48375556788444,-0.6245812449937674,85.6942809090909,80.13460064966607,5.021945328068747
B2C15,59,0.017186362,0.016711526,0.018935438,0.94200611,0.9418416,29.40861414994605,28.701321,30.420158,12.56907833333292,-0.0528210177431696,3.0761029690399138,29.408614149946064,0.6121993686292726,29.29646496301334,-0.6252231017130254,85.63691909090907,78.64861559270332,4.924035891410866
B2C15,60,0.017175896,0.016711526,0.018935438,0.94241315,0.94228762,29.864589781059127,28.402224,32.036156,12.49415666666658,-0.0505198169572689,3.0767211645621177,29.864589781059063,0.6140406744152669,30.797540397093208,-0.6264539945740456,85.67392272727272,79.11922773922714,5.307786864875266
B2C15,61,0.016920861,0.016711526,0.018935438,0.94165933,0.9415108,30.147273668789808,29.202337,31.157822,12.442951666666582,-0.1479987617036461,3.0717749705944795,30.147273668789808,0.6172684445559367,30.273432384815354,-0.6279806960253018,85.60539363636363,90.58708258240442,5.028292918899955
B2C15,62,0.017175242,0.016711526,0.018935438,0.94139481,0.94126886,29.679311737773205,28.855413,30.970844,12.499963333333532,-0.1456760129798412,3.0678898368366285,29.67931173777315,0.6122512766721663,29.73427559452327,-0.6204579924518654,85.58134636363636,79.14863537765883,4.9584757737557865
B2C15,63,0.017165987,0.016711526,0.018935438,0.94113493,0.94093335,29.664848408141967,28.612507,30.913986,12.5042233333336,-0.0856466500708769,3.075870687891441,29.66484840814196,0.6101894429502078,29.720919607221003,-0.6228591384338203,85.5577209090909,79.56479393069509,5.1705827464648575
B2C15,64,0.017188469,0.016711526,0.018935438,0.94048458,0.94027495,29.788421225806434,27.974854,31.500042,12.529688333333374,-0.0051220209985015,3.0688123481720435,29.78842122580645,0.6135287389194515,30.126289959966808,-0.6234850134479344,85.49859818181818,78.55387263524811,5.100811316739639
B2C15,65,0.017047696,0.016711526,0.018935438,0.94008517,0.93994486,29.903034101822065,29.187445,30.562246,12.487569999999929,-0.0704714117886097,3.063335918327974,29.903034101822083,0.6135060690982129,29.95959744913933,-0.6263401046598515,85.46228818181818,84.88384432477541,4.9463498609289225
B2C15,66,0.01722784,0.016711526,0.018935438,0.93955833,0.93945307,29.4394790478171,28.335516,30.80784,12.615265000000363,-0.0942602128860138,3.0532853642411646,29.43947904781705,0.6084173635577202,29.626018162168474,-0.6199784882403717,85.41439363636363,76.78352380849599,4.795554145108994
B2C15,67,0.017210554,0.016711526,0.018935438,0.93877733,0.93868631,29.423671072175672,27.674387,31.258741,12.626864999999816,-0.0458841433512551,3.05994339665272,29.42367107217573,0.6068591477572383,29.61981560445689,-0.6196271799464083,85.34339363636363,77.5608027655771,4.9805508246500665
B2C15,68,0.017278215,0.016711526,0.018935438,0.93870354,0.93854308,29.769273909967783,26.931637,31.830194,12.580468333333556,-0.1696177758368869,3.0573431212218654,29.769273909967847,0.6126375532227375,30.672661733720403,-0.6230945104215969,85.33668545454545,74.51837123051635,5.561103376219746
B2C15,69,0.016995631,0.016711526,0.018935438,0.93830585,0.93813175,29.47583690332642,28.281439,30.843214,12.589793333333606,-0.1635824976467778,3.0719721486486486,29.475836903326403,0.6111298100417075,29.303458277972343,-0.6206093075938451,85.30053181818181,87.22498911827446,5.426693147615385
B2C15,70,0.017139588,0.016711526,0.018935438,0.93759942,0.93747771,29.1826497601245,27.660652,30.956066,12.59766166666668,-0.117007062515296,3.060421893146417,29.182649760124608,0.6089096369963473,28.72090885234889,-0.6196043638391193,85.23631090909089,80.75184629607645,5.055527372134418
B2C15,71,0.017198391,0.016711526,0.018935438,0.93739015,0.93734217,29.410733218295185,27.601936,31.758406,12.51500333333291,-0.0758115496700435,3.0589607939708943,29.410733218295213,0.6070808582852864,28.63276231479794,-0.6164714335950977,85.21728636363636,78.10772188827616,4.520963470753074
B2C15,72,0.017440315,0.016711526,0.018935438,0.93798661,0.9378193,30.26027645920501,27.547781,35.537971,12.574149999999888,-0.1129707624060103,3.089847693305439,30.26027645920502,0.6112785203917734,30.71404400095828,-0.6176685995210329,85.27150999999999,67.22941375378157,5.155916502334824
B2C15,73,0.017020298,0.016711526,0.018935438,0.93695027,0.93686432,29.66367099578948,28.279856,31.311327,12.539576666666836,-0.0552409383308804,3.066717554,29.66367099578948,0.610447295859124,29.835713303647687,-0.6214610974488087,85.17729727272726,86.11581753234844,5.215909080456536
B2C15,74,0.01704544,0.016711526,0.018935438,0.93597829,0.9358409,29.483662466310204,28.032717,30.825722,12.540191666666942,-0.0883970819911031,3.065049464919786,29.48366246631016,0.6088159937223353,29.855958368187107,-0.6165815016574293,85.08893545454545,84.98528718762263,5.3062402759188565
B2C15,75,0.016914405,0.016711526,0.018935438,0.93611157,0.93596196,29.50023474973379,27.476347,31.761452,12.609918333332947,-0.1378288990693288,3.078510608093717,29.50023474973376,0.6094391367731584,30.0484296240564,-0.6188708081276492,85.10105181818182,90.87738183884974,5.273749757102761
B2C15,76,0.016890477,0.016711526,0.018935438,0.93549526,0.93539262,29.98555759583793,27.405556,32.60178,12.613744999999955,-0.0784018017041012,3.052565372179628,29.985557595837896,0.6144045472734694,30.990212885058565,-0.6231536895789554,85.04502363636364,91.95332369266409,5.2188983040400245
B2C15,77,0.017003085,0.016711526,0.018935438,0.93508166,0.93497533,29.78013929637523,28.649178,31.114971,12.62464666666686,-0.0895587829897812,3.0555341718550104,29.780139296375268,0.6090003390548624,29.837621354806693,-0.6356691573165576,85.00742363636363,86.88981398544544,5.164046850977288
B2C15,78,0.017050168,0.016711526,0.018935438,0.93441522,0.93425345,29.62998450495049,28.512016,30.795624,12.629905000000145,-0.0583714922970599,3.0680467861386136,29.629984504950496,0.6070525684453789,29.704777003699327,-0.6188721970093989,84.94683818181818,84.77268884740042,5.410038533053616
B2C15,79,0.017041411,0.016711526,0.018935438,0.93457144,0.934425,29.462462208376984,27.869247,31.079329,12.559774999999595,-0.0929523980001985,3.074202451099476,29.46246220837697,0.6083498650929766,29.696580186781656,-0.618640416084516,84.96104,85.16645442805296,5.382883736819597
B2C15,80,0.01698176,0.016711526,0.018935438,0.93406665,0.934008,30.091051552432507,27.273579,31.653801,12.542108333332967,-0.0843840532645309,3.065758183567568,30.091051552432432,0.612843811671034,30.91265669358016,-0.6232126144060348,84.91515,87.84870984103696,5.027560338738022
B2C15,81,0.017106652,0.016711526,0.018935438,0.93348485,0.93330163,29.83228808450703,29.07126,31.013229,12.663471666666252,-0.1534548703411601,3.056619841603467,29.83228808450704,0.6053163206661674,29.623812296266028,-0.6241841760423552,84.86225909090909,82.23284014835122,5.151779362995451
B2C15,82,0.017172469,0.016711526,0.018935438,0.93321115,0.93299675,29.49951031870435,29.042345,30.282179,12.595543333333142,-0.1040606617344351,3.066432383908046,29.499510318704285,0.6043552682364398,29.264663037024228,-0.616564571781793,84.83737727272727,79.27332556324177,5.155656081201088
B2C15,83,0.017246837,0.016711526,0.018935438,0.93296957,0.93273789,29.440884904458592,28.322126,30.4681,12.603981666666613,-0.1303375439347808,3.061604663163482,29.4408849044586,0.605144961737715,29.236593988224,-0.6146860634221593,84.81541545454544,75.92930835392765,4.830725197995951
B2C15,84,0.017280888,0.016711526,0.018935438,0.93323177,0.93316191,30.192094554067992,28.269844,32.159729,12.608658333333247,-0.1010836912492978,3.08155855592173,30.19209455406797,0.6077220550328394,30.79889906647328,-0.6121732210420672,84.83925181818182,74.39817762573335,4.932756204314673
B2C15,85,0.017169913,0.016711526,0.018935438,0.93224084,0.93207431,29.838270878074844,28.505432,30.968086,12.624516666666992,-0.078889393094944,3.068934907272727,29.83827087807487,0.6021676077018399,29.808288406314126,-0.622036192973392,84.74916727272726,79.38825816848876,4.838202065885444
B2C15,86,0.017244669,0.016711526,0.018935438,0.93209404,0.93197173,29.563410295789467,28.289122,31.270941,12.654673333333143,-0.0469431854829185,3.082804931368421,29.56341029578948,0.6010175965913453,30.011583236193005,-0.6144490187194812,84.7358218181818,76.02679422567078,4.886451630052892
B2C15,87,0.017214131,0.016711526,0.018935438,0.9315092,0.9313494,29.493449359869068,27.466606,31.566502,12.74666000000046,-0.0859066010789538,3.049441030752453,29.49344935986914,0.6010814787421219,30.208532990013072,-0.6142092497059853,84.68265454545454,77.39996007036248,4.970912237057872
B2C15,88,0.016862525,0.016711526,0.018935438,0.93079382,0.93058342,29.778389415841584,27.490129,35.937202,12.671928333333442,-0.0792764813703386,3.04520361210121,29.778389415841584,0.6054785604510156,29.972829785055023,-0.6343436634184233,84.61761999999999,93.21020795786887,5.055372844062853
B2C15,89,0.017106798,0.016711526,0.018935438,0.93050051,0.93033433,29.69776901416131,28.96109,31.164455,12.701330000000114,-0.0107306721547633,3.059175669281046,29.69776901416122,0.6006150790754057,29.377692561831243,-0.6147395554029781,84.59095545454545,82.2262751403833,4.976144144604246
B2C15,90,0.017359184,0.016711526,0.018935438,0.93021947,0.9300676,29.321838192746128,28.696192,29.978704,12.682808333333137,-0.1220246069444936,3.0744763746113986,29.32183819274611,0.5995845405161024,29.194887119134293,-0.6131072413010533,84.56540636363637,70.87753472259696,4.767362457126323
B2C15,91,0.017444104,0.016711526,0.018935438,0.92981619,0.92976189,29.34044157399576,28.082251,30.990631,12.716479999999866,-0.1200372263258215,3.058324613742072,29.34044157399577,0.5971298299915571,29.338857246947605,-0.6133126120237139,84.52874454545454,67.05903830727122,5.193480454459355
B2C15,92,0.017280571,0.016711526,0.018935438,0.92968309,0.92944986,29.898284003236228,28.047686,31.606222,12.81457666666635,-0.0566926386368639,3.075488866127292,29.898284003236245,0.6050329672549325,30.17803867772635,-0.6245653216167825,84.51664454545454,74.41243178686922,4.950951201822325
B2C15,93,0.01713199,0.016711526,0.018935438,0.92953825,0.92939144,29.65165283706717,28.88311,30.851498,12.641839999999986,-0.1078764590327714,3.074483349185336,29.651652837067207,0.6002701319624751,29.391851281078967,-0.6120385292347156,84.50347727272727,81.09349650525743,5.126163951337329
B2C15,94,0.017329967,0.016711526,0.018935438,0.92856956,0.92839754,29.40438928663791,28.636641,30.088768,12.693818333333184,-0.1207622639626182,3.060268290409483,29.404389286637933,0.6002166536104309,29.24521794245052,-0.6156245288392836,84.41541454545454,72.1913007349211,4.988131051234228
B2C15,95,0.017382704,0.016711526,0.018935438,0.92859286,0.9284209,29.31616685448914,27.739473,31.00037,12.783345000000557,-0.013525587666312,3.067794018679051,29.316166854489165,0.5976337059659833,28.67292275417715,-0.6099588238299695,84.41753272727271,69.81993891844648,4.983589023472775
B2C15,96,0.017270191,0.016711526,0.018935438,0.9277761,0.92761153,30.285215105204887,28.551441,31.549166,12.68157333333317,-0.1246248031912815,3.056358055813953,30.28521510520488,0.6031512394738797,30.26811243458809,-0.6127767557743832,84.34328181818181,74.87917687390507,4.949474987584419
B2C15,97,0.017275587,0.016711526,0.018935438,0.9278087,0.92756259,29.695497358209,29.167946,30.538435,12.706486666666269,-0.093767989277011,3.0715834236673776,29.69549735820896,0.5980681090646829,29.558869487170973,-0.6126637883709706,84.34624545454545,74.63654137393934,4.881334811492633
B2C15,98,0.017365687,0.016711526,0.018935438,0.92739087,0.92723507,29.31508192834562,28.487402,30.397367,12.741198333333402,-0.0881212664468341,3.0768521768177024,29.315081928345627,0.595673053197492,29.40859520546929,-0.6095817158979737,84.3082609090909,70.58512207317553,4.968361143856187
B2C15,99,0.017382991,0.016711526,0.018935438,0.92691571,0.92675346,29.22579476119403,28.389156,30.123573,12.83951333333292,-0.0730332491716728,3.066846530170576,29.22579476119403,0.5952445257454996,29.37837249139275,-0.616527070737262,84.26506454545454,69.80703373155053,5.082596390447899
B2C15,100,0.017077602,0.016711526,0.018935438,0.92605978,0.92590147,29.74861564791896,28.653137,32.954159,12.667646666666649,-0.1630467060146643,3.0378319265466818,29.748615647919006,0.5996601381367282,29.660525246663926,-0.6083595507801477,84.18725272727272,83.53909687073948,4.947965783465243
B2C15,101,0.01739002,0.016711526,0.018935438,0.92572778,0.92558008,29.39054294207641,28.722534,30.273691,12.837303333332724,-0.2013053276749328,3.0618959695081966,29.3905429420765,0.5957910563786812,29.20467656920838,-0.603797939593235,84.1570709090909,69.49096906712141,4.969068180562801
B2C15,102,0.01748349,0.016711526,0.018935438,0.92538941,0.92515343,29.049976095135147,27.71879,30.091228,12.774133333332914,-0.0523087364473987,3.071278789189189,29.049976095135136,0.593705396384177,28.437290822077312,-0.6065795653537234,84.12630999999999,65.28801499339899,5.183598993866919
B2C15,103,0.017491564,0.016711526,0.018935438,0.92502576,0.92483485,29.14922389968976,27.203676,31.088285,12.761118333333677,-0.0617634598277147,3.0743763397104447,29.14922389968976,0.5945119181200483,28.65022312115401,-0.6053157438760012,84.0932509090909,64.92496105961023,4.907498578157119
B2C15,104,0.017267559,0.016711526,0.018935438,0.92528528,0.92511177,30.02262998858925,28.103624,32.624336,12.711855000000408,-0.0653396475222314,3.075934171473029,30.022629988589213,0.5969472851392331,30.19771084292672,-0.6086793662638,84.11684363636363,74.99752688056012,5.0144425207391885
B2C15,105,0.017344078,0.016711526,0.018935438,0.9243291,0.92410916,29.316825296610247,28.349602,30.188807,12.865488333333634,-0.1225151493079822,3.0645958258474577,29.31682529661017,0.5938491886812723,29.4592774654982,-0.607824466507321,84.02991818181818,71.5567882182389,5.08061423935031
B2C15,106,0.017347513,0.016711526,0.018935438,0.92399466,0.92383271,29.0128396595745,27.975349,29.812515,12.79162499999996,-0.0470280057605442,3.044221122765957,29.01283965957447,0.5937962107416338,29.297079681987444,-0.6092597381614818,83.99951454545453,71.40233066776031,4.9519276868114455
B2C15,107,0.017264765,0.016711526,0.018935438,0.9232977,0.92310405,29.21880663973069,28.208029,30.308039,12.861723333333307,-0.1010100214153179,3.0598423551066216,29.21880663973064,0.5943462462273846,29.494476752223147,-0.6062153012583258,83.93615454545453,75.12316134811086,5.228617237507345
B2C15,108,0.01705947,0.016711526,0.018935438,0.92279959,0.92265218,29.834319111237253,28.229855,33.557537,12.716686666666646,-0.1435289133168815,3.0515498459704875,29.83431911123723,0.600073054389151,30.112071468776367,-0.6088626453305619,83.89087181818181,84.35441690138819,4.876125861770385
B2C15,109,0.017305916,0.016711526,0.018935438,0.92295921,0.92282373,29.68398246932186,28.833872,30.733713,12.879298333332796,-0.1109594973970544,3.055644964047363,29.68398246932185,0.5931580211000956,29.38532503543988,-0.6047498125920514,83.90538272727272,73.27277338311944,4.782474860365133
B2C15,110,0.017401187,0.016711526,0.018935438,0.92223418,0.92205936,29.418846283146085,28.240053,30.302584,12.909178333332724,-0.0316090868269312,3.050993555393258,29.418846283146067,0.5905210338992664,28.83058873736753,-0.6055097530120378,83.8394709090909,68.98883588918994,4.667709115837453
B2C15,111,0.017591802,0.016711526,0.018935438,0.92278594,0.92255777,29.53325509916485,28.081865,31.212414,12.87533833333291,-0.0791264407450485,3.081533823695198,29.53325509916493,0.5905026052166659,29.19587208131577,-0.603195875083289,83.88963090909091,60.417678397346656,4.837037705796789
B2C15,112,0.017432896,0.016711526,0.018935438,0.9220947,0.92186397,30.06216599787009,28.034609,31.246557,12.965538333334068,-0.1138684942446702,3.046194564217252,30.062165997870075,0.5964291271714776,30.074204311670176,-0.6056922343028391,83.8267909090909,67.56301508333065,4.809674895954005
B2C15,113,0.017287163,0.016711526,0.018935438,0.92136884,0.92121011,29.70915653948834,28.769915,30.749479,12.827713333333184,-0.0982316380370242,3.061542948387097,29.709156539488323,0.5915791278236523,29.61316960257382,-0.6053690323888734,83.76080363636362,74.11601718053588,4.877248859857429
B2C15,114,0.017400367,0.016711526,0.018935438,0.92124456,0.92097688,29.45650078032785,28.962072,30.254322,12.872291666666085,-0.104637190966597,3.070490558360656,29.45650078032787,0.5908824330202342,29.48805409022884,-0.6047822230297669,83.74950545454544,69.02570785174954,4.874585598571711
B2C15,115,0.017455738,0.016711526,0.018935438,0.9202801,0.92011851,29.441833299349213,28.989584,30.34306,12.97482833333294,-0.1019124894136954,3.052415985140998,29.44183329934924,0.5907749951302385,29.62915414767441,-0.6055366571653581,83.66182727272728,66.53590609700392,4.888705328887769
B2C15,116,0.017312495,0.016711526,0.018935438,0.92071927,0.92048043,30.0188142417112,29.228695,31.458517,12.86943,-0.193646065392632,3.0568112903743314,30.01881424171123,0.5948470147119207,30.2774782592762,-0.6041324016468783,83.70175181818182,72.9769433322901,4.834994678192681
B2C15,117,0.017276712,0.016711526,0.018935438,0.91995806,0.91969985,29.739881496106808,29.14341,30.842354,12.931916666666666,-0.1055580825016472,3.064224923136819,29.73988149610679,0.5905189549463684,29.44517883799235,-0.6016513641805472,83.63255090909091,74.58595483993975,4.869103552553729
B2C15,118,0.017505556,0.016711526,0.018935438,0.91963309,0.91937912,29.48442050865804,28.902468,30.212023,12.917831666666672,-0.0849401450807476,3.0710859572510825,29.48442050865801,0.5899547886484787,29.43549677840835,-0.603458983758037,83.60300818181818,64.29579947407998,4.755074822045857
B2C15,119,0.017580582,0.016711526,0.018935438,0.91901058,0.91882956,29.352197657082,28.177641,30.754303,12.947793333333342,-0.1424734372749834,3.05339695942492,29.352197657082,0.5873295557299427,28.94059761894178,-0.6042460194035251,83.54641636363635,60.9221947631021,4.948017971760865
B2C15,120,0.017565943,0.016711526,0.018935438,0.9185701,0.91838402,30.0834502203389,28.039589,31.557096,13.017434999999994,-0.0603572045781716,3.063172581581921,30.083450220338985,0.5935651286308715,29.7767045275656,-0.6063505994868755,83.50637272727272,61.58044922640822,4.71403993338753
B2C15,121,0.017348131,0.016711526,0.018935438,0.91824591,0.91799265,29.78799160520602,29.142254,30.450848,13.000108333333324,-0.20444096363237,3.0378859772234272,29.78799160520608,0.5894539881810723,29.71375409457091,-0.6018937337455021,83.4769009090909,71.37454179841653,4.757449848737171
B2C15,122,0.01750157,0.016711526,0.018935438,0.91748023,0.91726613,29.471823245865448,28.649401,30.697815,13.054645000000011,-0.1107442599090707,3.0453931587651595,29.47182324586549,0.5868606052510571,29.61366498217559,-0.601198946258214,83.40729363636363,64.47503318476626,4.795413131813483
B2C15,123,0.017525258,0.016711526,0.018935438,0.91736901,0.91706842,29.32444876931692,28.2918,30.27046,12.986934999999963,-0.0862973969876819,3.058955728555431,29.32444876931691,0.5860420777006897,29.480207378696743,-0.6024353754257412,83.39718272727272,63.409883124871925,4.829053657809865
B2C15,124,0.017426081,0.016711526,0.018935438,0.91712695,0.91689008,29.73540018211923,28.47846,32.244453,13.060886666666676,-0.1230942730922416,3.063715604746137,29.735400182119204,0.5911211113082149,30.14775008902192,-0.6041217596175066,83.37517727272726,67.86945706484792,4.899762578813186
B2C15,125,0.017431693,0.016711526,0.018935438,0.91665202,0.91644919,29.67574686034116,29.101583,30.424376,13.04755833333335,-0.1397679149383796,3.066433461727079,29.67574686034115,0.5882133730798502,29.69938250694613,-0.5999626182629065,83.33200181818181,67.6171089503541,4.777480690566649
B2C15,126,0.017555978,0.016711526,0.018935438,0.91667926,0.91640377,29.302014028836247,28.719515,30.449568,13.100538333333317,-0.0639977044281808,3.076028133882595,29.30201402883625,0.5850820348376999,29.265090435264945,-0.5999428162929866,83.33447818181817,62.02853350312424,4.675768311947339
B2C15,127,0.017548308,0.016711526,0.018935438,0.91624445,0.91602165,29.444680792696023,28.29298,30.604391,13.01637166666666,-0.0982706260357482,3.0543004598281414,29.444680792696023,0.5839859222746254,29.24005919068693,-0.5982268887575818,83.29494999999999,62.3734212504812,4.413940477121017
B2C15,128,0.017740849,0.016711526,0.018935438,0.91606337,0.91583872,30.12182599891424,27.866381,34.577347,13.097938333333332,-0.1020381756156548,3.0642483993485343,30.121825998914225,0.5900643011899265,30.71945900449668,-0.6044593581405531,83.27848818181818,53.71565961243072,4.71726033810102
B2C15,129,0.017279025,0.016711526,0.018935438,0.91499096,0.91481793,29.75764863666666,28.243999,31.435762,12.998919999999998,-0.0632124426022121,3.0557853074444443,29.757648636666666,0.5877621323790257,30.361087799569592,-0.5988045042896694,83.18099636363637,74.48194892603665,4.662695610786994
B2C15,130,0.017341614,0.016711526,0.018935438,0.91442811,0.91417789,29.604559744704574,27.99246,31.034424,13.01339999999994,-0.0294615561246435,3.0593319118171687,29.60455974470457,0.5843796013539713,29.948934961253173,-0.5990542488610073,83.12982818181818,71.66758396914979,4.567551824793448
B2C15,131,0.017450487,0.016711526,0.018935438,0.91425663,0.91399223,29.50316028758168,27.980177,31.43181,13.162711666666656,-0.0861465073855518,3.054559669716776,29.5031602875817,0.5827847969463466,29.82653007807508,-0.6005214060111067,83.11423909090908,66.7720215548097,4.595449390300412
B2C15,132,0.017636314,0.016711526,0.018935438,0.91410035,0.91382456,29.806375785714287,27.762106,32.490528,13.16619833333328,-0.0922927991802123,3.0578831130952384,29.806375785714287,0.585254389744321,30.55790254953684,-0.6030500369060583,83.1000318181818,58.41616035166859,4.76602554626956
B2C15,133,0.017431375,0.016711526,0.018935438,0.91359586,0.91328871,29.70766305340908,28.532343,30.65933,13.065463333333296,-0.0844526685938738,3.064003886818182,29.70766305340909,0.5841616540681537,29.73786603248822,-0.600229400703835,83.05416909090908,67.63140807729809,4.669275502801526
B2C15,134,0.017468043,0.016711526,0.018935438,0.9128558,0.91253859,29.36855928231292,28.274488,30.518511,13.172639999999957,-0.081467779876448,3.0432788202947845,29.368559282312923,0.5823515493906134,29.578368573883203,-0.59785541904548,82.9868909090909,65.98260182956885,4.7088588059682905
B2C15,135,0.017535323,0.016711526,0.018935438,0.91229641,0.91205031,29.364112585339168,27.960667,31.147902,13.220586666666714,-0.0972528480484889,3.060316021881838,29.364112585339168,0.5816801925511691,29.8075503346931,-0.5986469324075427,82.93603727272726,62.95730226735598,4.443359030149759
B2C15,136,0.017618431,0.016711526,0.018935438,0.91206253,0.91180766,29.54364731613612,27.11031,31.739824,13.201973333333322,-0.1128599044119049,3.05017333841932,29.54364731613612,0.5812415911125824,30.329876928457985,-0.5982421967817698,82.91477545454545,59.220283896125366,4.805829044040759
B2C15,137,0.017337542,0.016711526,0.018935438,0.91160858,0.91131735,29.804567084554662,28.712303,30.886072,13.165116666666654,-0.0063629300058103,3.048035822998873,29.80456708455468,0.5836947756405063,29.60637909489975,-0.5985835670139644,82.87350727272727,71.8506847393242,4.905586844193973
B2C15,138,0.017488511,0.016711526,0.018935438,0.91100907,0.91075987,29.40989500334824,28.313192,30.28026,13.129476666666717,-0.0652362325227172,3.057217444866072,29.40989500334821,0.5825577942224707,29.63703666515684,-0.595561152713194,82.81900636363635,65.06224167143297,4.893712748087634
B2C15,139,0.017572246,0.016711526,0.018935438,0.91073591,0.91044104,29.225617419847342,28.365307,30.018934,13.177659999999983,-0.0453688818513034,3.054214598037077,29.225617419847325,0.5809385323949576,29.34404460094499,-0.5945133255204129,82.79417363636364,61.2970297385868,4.753689502016852
B2C15,140,0.017541327,0.016711526,0.018935438,0.91020387,0.90997589,29.57124524161079,28.133739,33.18071,13.178288333333333,-0.0834487499960822,3.0481885585011184,29.571245241610736,0.5806731164715999,30.856063246433333,-0.5970789689877167,82.74580636363635,62.68732755612637,4.791980604380501
B2C15,141,0.017272655,0.016711526,0.018935438,0.91014099,0.9098624,29.852612228729285,28.705618,31.476921,13.122193333333296,-0.1334138681649584,3.0482692802209943,29.852612228729285,0.5849892425150308,30.06473746403507,-0.598499298211517,82.74009,74.76838112299403,4.7422830242340375
B2C15,142,0.017503846,0.016711526,0.018935438,0.90946555,0.90922409,29.64152817307688,28.702902,30.832182,13.2809633333333,-0.0461708241812463,3.0634700963800903,29.641528173076924,0.5816969587318488,29.98990259429836,-0.5981446628282422,82.67868636363636,64.37269100575924,4.622641632552195
B2C15,143,0.017463259,0.016711526,0.018935438,0.90952039,0.90921253,29.71509680267556,28.203705,31.50316,13.298686666666615,-0.1044530214959712,3.0508678309921966,29.715096802675586,0.5792898122437464,29.97866082737649,-0.5916490513969477,82.68367181818181,66.19771825503895,4.36249693780024
B2C15,144,0.017700687,0.016711526,0.018935438,0.90925163,0.90896869,29.75706823701296,27.790337,35.536098,13.419835000000118,-0.1263206223123084,3.060825951731602,29.757068237012984,0.5770662470294223,29.52110471883531,-0.5925282245707738,82.65923909090908,55.52157639331055,4.513664084690131
B2C15,145,0.017499449,0.016711526,0.018935438,0.90904635,0.90877855,30.72363804338156,28.378496,34.458698,13.28024333333354,-0.1207787398958942,3.064772809010011,30.72363804338153,0.583268182649711,30.497064330823903,-0.5988344569871656,82.64057727272727,64.57040566353345,4.573268210776556
B2C15,146,0.017515106,0.016711526,0.018935438,0.90813303,0.90783435,29.86360802876109,28.605309,31.273619,13.276616666666571,-0.1051291298116509,3.0498872966814163,29.86360802876106,0.5788018221036018,29.888541329854537,-0.5938272255904533,82.55754818181818,63.86637600768381,4.438474497605196
B2C15,147,0.017650992,0.016711526,0.018935438,0.90786266,0.90754926,29.76954443875285,28.241219,31.842936,13.34617499999998,-0.118967355051883,3.038674408129176,29.769544438752785,0.5778653214595103,29.781040194472222,-0.5913050160760688,82.53296909090909,57.75615222185048,4.350609270006446
B2C15,148,0.017810872,0.016711526,0.018935438,0.90767866,0.90735459,29.563155577330505,27.324516,32.100296,13.512935000000049,-0.087700279702056,3.067258265572034,29.56315557733051,0.5741110010059217,29.27091441957057,-0.5901425243393896,82.51624181818181,50.567018838874986,4.543928770549954
B2C15,149,0.017649395,0.016711526,0.018935438,0.90758336,0.90722042,30.32832868635882,28.844296,31.595903,13.33441833333321,-0.147112932355317,3.0536607730397423,30.32832868635876,0.5806487193315695,30.23864965958733,-0.5940640137126317,82.50757818181818,57.827962617225936,4.5424422899156776
B2C15,150,0.017521027,0.016711526,0.018935438,0.90666252,0.90639377,29.96321695185997,28.803045,31.100479,13.323521666666542,-0.0622964670339746,3.0594271985776804,29.96321695185996,0.5783380425317458,29.889197850681995,-0.5917019524110931,82.42386545454545,63.60013345851808,4.510925266862518
B2C15,151,0.017664304,0.016711526,0.018935438,0.90624386,0.9058944,29.71883833853009,28.324453,31.791206,13.422148333333462,-0.085445808619346,3.065026494766147,29.718838338530063,0.5761086625490589,29.924197998235403,-0.5955863000761692,82.38580545454545,57.15756738575992,4.341093078036852
B2C15,152,0.017861992,0.016711526,0.018935438,0.90610081,0.90573972,29.671417874454207,27.425323,32.580719,13.5156183333335,-0.0634584092522628,3.0487170830786026,29.67141787445415,0.5725170622554149,29.21272174015108,-0.5891258266205407,82.3728009090909,48.2683667339355,4.496024366654464
B2C15,153,0.017603356,0.016711526,0.018935438,0.90546942,0.90511268,30.56924368665157,28.04545,31.998222,13.450524999999956,-0.1437926732707012,3.0534685680995475,30.569243686651586,0.5818564633937163,30.600314556937644,-0.5931553171535328,82.31540181818181,59.898143451719285,4.620183651759354
B2C15,154,0.017621538,0.016711526,0.018935438,0.90502542,0.90467322,29.917995873903468,29.300707,31.121027,13.50350166666661,-0.0570241358579295,3.0620444293859648,29.917995873903507,0.5779197028381265,29.872092635328865,-0.5932320346360571,82.27503818181818,59.080575130670674,4.67486746229941
B2C15,155,0.017714407,0.016711526,0.018935438,0.90431333,0.90396321,29.53084653567516,28.820852,30.513535,13.55616000000009,-0.0747814002141172,3.049231104061471,29.530846535675085,0.5751295204404292,29.51577539969912,-0.5940896978891913,82.21030272727272,54.90464550755598,4.6142122863543165
B2C15,156,0.017755127,0.016711526,0.018935438,0.90388525,0.90354431,29.542809409403603,28.951563,30.221998,13.58674000000004,-0.1067866546301533,3.045863538990825,29.54280940940367,0.5744542507719164,29.330852569201763,-0.5896453448910927,82.17138636363636,53.0736378058125,4.517188763073537
B2C15,157,0.017823339,0.016711526,0.018935438,0.90384847,0.90343159,30.314438169510808,28.682373,32.530968,13.586235000000064,-0.0494826919240975,3.058783480318544,30.314438169510808,0.5795866630223369,31.05009071929233,-0.5953094132307232,82.16804272727272,50.00643011054391,4.608123504196821
B2C15,158,0.017648069,0.016711526,0.018935438,0.90303516,0.90268427,29.695051536199124,28.253572,30.890728,13.519008333333478,-0.1298075342827543,3.0415946286199094,29.69505153619909,0.5739303644496943,29.87529476678048,-0.5910517796561281,82.09410545454544,57.887587278633376,4.485630526246528
B2C15,159,0.017691962,0.016711526,0.018935438,0.90227199,0.90192735,29.34549527777772,28.023006,30.970472,13.566899999999926,-0.0618523099000123,3.057318542517007,29.34549527777778,0.5717433988889022,29.577701412495944,-0.5875866491944852,82.02472636363636,55.91390306810708,4.4204831349698965
B2C15,160,0.017766852,0.016711526,0.018935438,0.90228456,0.90190428,29.44808172314505,28.13201,31.289356,13.74745166666665,-0.0804648058173161,3.051697868660022,29.44808172314507,0.5718824003406408,29.642622436597712,-0.589199111130446,82.02586909090908,52.5464137070172,4.2526354377052416
B2C15,161,0.017929494,0.016711526,0.018935438,0.90216732,0.90181154,30.03926666775952,27.885588,33.609497,13.751549999999892,-0.0402296348666867,3.0680952312568306,30.039266667759566,0.5748601587659651,30.667627643435328,-0.5911596778424234,82.0152109090909,45.23308476234667,4.469677625710483
B2C15,162,0.017525747,0.016711526,0.018935438,0.90148449,0.90112793,29.956921648709365,28.210436,31.610598,13.681848333333376,-0.0938735823950924,3.051051835016835,29.95692164870931,0.5730381814560697,30.01752093432794,-0.6073848989408707,81.95313545454545,63.38789484476,4.424264534429311
B2C15,163,0.017672839,0.016711526,0.018935438,0.90114236,0.90070677,29.669834014270048,28.335587,31.364939,13.776740000000183,-0.0660280198307753,3.050459745334797,29.66983401427004,0.5718923028796381,29.86701880474533,-0.5915304603924014,81.92203272727272,56.77378421448335,4.299332662454389
B2C15,164,0.017881336,0.016711526,0.018935438,0.9003045,0.89997691,29.654862825988808,27.784344,32.471245,13.80921166666667,-0.0575203725609039,3.050949008135593,29.6548628259887,0.5698481982566911,29.620340628816,-0.5902962779167539,81.84586363636363,47.39854814399125,4.393046222185427
B2C15,165,0.018117189,0.016711526,0.018935438,0.9000321,0.89955735,29.95358150606393,27.841455,31.598202,13.989108333333329,-0.0773559688352709,3.054806454355017,29.953581506063948,0.5729694927781435,29.87070596512902,-0.6089885870659677,81.82109999999999,36.79322742986237,4.486759781916465
B2C15,166,0.017658357,0.016711526,0.018935438,0.8997466,0.89931047,30.124007730769232,29.083553,31.444422,13.677993333333385,-0.098810639997892,3.0587226225274726,30.124007730769232,0.5726213579475457,29.724928179362955,-0.5898484463355278,81.79514545454545,57.42497904593349,4.673700285893583
B2C15,167,0.017904079,0.016711526,0.018935438,0.89918607,0.89878047,29.48499693847869,28.956854,30.28289,13.911404999999892,-0.1023462019601769,3.0532718230425058,29.484996938478748,0.5710530645289554,29.531516348597258,-0.5890946128178818,81.74418818181817,46.37589077265647,4.762477790286948
B2C15,168,0.017966257,0.016711526,0.018935438,0.8981595,0.89779663,29.266699004469288,28.608404,29.69458,13.95097333333324,-0.0834406601171763,3.054255840446928,29.26669900446928,0.5700814977872868,29.175600793142323,-0.5868852372524609,81.65086363636362,43.58000676285754,4.819031151561926
B2C15,169,0.017840862,0.016711526,0.018935438,0.89767331,0.89730352,29.56370250519031,28.200342,31.706028,13.815496666666878,-0.154179857951662,3.0397097238754323,29.56370250519031,0.5715686086401044,30.09327148573551,-0.5864870121844811,81.60666454545454,49.21849425696704,4.825820741428564
B2C15,170,0.01769669,0.016711526,0.018935438,0.89784443,0.89745432,29.92798898908291,28.910851,31.362181,13.873665000000134,-0.1540854505551807,3.0484349294759823,29.92798898908297,0.573847666681469,30.030705764675368,-0.590767152683156,81.6222209090909,55.70130472788487,4.822588245581244
B2C15,171,0.017979123,0.016711526,0.018935438,0.89710689,0.8967039,29.387591793756982,28.425436,30.342009,13.951896666666531,-0.1333576774126392,3.050372982274248,29.387591793756968,0.5691199904150335,29.26293615612479,-0.6051889619550088,81.55517181818182,43.00147667713471,4.819355749733924
B2C15,172,0.017896362,0.016711526,0.018935438,0.8965081,0.89609724,29.374575774804875,28.141798,30.42452,13.925108333333144,-0.1236800281726765,3.0585491010033445,29.374575774804903,0.5690991386221274,29.404208078103824,-0.5862016041692752,81.50073636363636,46.72289191298941,4.771830477592918
B2C15,173,0.017857101,0.016711526,0.018935438,0.89577001,0.89536071,29.43815135738836,27.848492,31.012711,13.971470000000163,-0.055148431689982,3.040290357617411,29.43815135738832,0.5699751321741618,30.094027408446674,-0.5871242642585363,81.43363727272727,48.48829450086153,4.673117404722761
B2C15,174,0.017701831,0.016711526,0.018935438,0.89571577,0.89536411,29.869383679644034,27.668037,31.447159,13.940266666666624,-0.1219527740139904,3.03765719810901,29.86938367964405,0.5707577523227534,29.778043472763063,-0.5845253526995556,81.42870636363637,55.470135508958926,4.480039836830387
B2C15,175,0.017987736,0.016711526,0.018935438,0.89574414,0.8953476,29.78932385869565,28.540003,30.981981,14.105618333333403,-0.129844073004315,3.0590519836956527,29.789323858695656,0.5668004337023143,29.585134647595,-0.5846170667052517,81.43128545454546,42.61418617283413,4.503047659874708
B2C15,176,0.018072205,0.016711526,0.018935438,0.89569384,0.89527869,29.739595128400403,28.736422,31.064201,14.202608333333046,-0.1731296498993373,3.058247946572361,29.73959512840044,0.5679448132337828,29.419869159450823,-0.6236228575991157,81.42671272727272,38.81596933691615,4.526055482919029
B2C15,177,0.018154923,0.016711526,0.018935438,0.89476687,0.89437431,29.685682722037704,28.514885,31.816948,14.348619999999936,-0.0995528166986105,3.06417863145072,29.68568272203765,0.5672020429266598,29.22166190798385,-0.6126343125269709,81.34244272727273,35.09648763080552,4.503103046138407
B2C15,178,0.01798022,0.016711526,0.018935438,0.89447349,0.89412421,30.55434173055248,28.667315,33.08514,14.24010833333353,-0.0834499150300502,3.0504745604284103,30.554341730552427,0.5710631434733748,30.10212472013395,-0.5843393525524074,81.31577181818182,42.95214918575906,4.521492094775788
B2C15,179,0.017904485,0.016711526,0.018935438,0.89426976,0.89382905,30.15739979120872,29.210604,31.596014,14.331010000000242,-0.0787244926107492,3.048801456813187,30.15739979120879,0.5681624448941527,29.67758509656132,-0.5821615627495367,81.2972509090909,46.35763465460857,4.679591666518092
B2C15,180,0.018060766,0.016711526,0.018935438,0.89358097,0.89312911,29.70996360289215,29.032572,30.520838,14.33661499999968,-0.1591688069915463,3.0390354017797554,29.709963602892103,0.5677550645702816,29.540099364320422,-0.5843836160223514,81.23463363636363,39.33033321462363,4.903241740912247
B2C15,181,0.018126015,0.016711526,0.018935438,0.89257753,0.89211524,29.61154068577732,28.130737,30.887817,14.350413333333565,-0.0293357650758425,3.060855786328556,29.611540685777285,0.5685108169676764,29.582850140414216,-0.5836233042606264,81.1434118181818,36.39635920845792,4.968820052924598
B2C15,182,0.017521614,0.016711526,0.018935438,0.89243031,0.89203632,30.17669073963132,27.559511,33.792694,14.20756333333314,-0.1145452348189151,3.0518856192396315,30.176690739631336,0.5721847377714738,30.63635720641473,-0.5871976916259467,81.13002818181818,63.573738529222325,4.658393279406936
B2C15,183,0.017785897,0.016711526,0.018935438,0.8917948,0.89140147,30.03995127990965,28.67157,31.583984,14.445178333333269,-0.069466996116264,3.0521382601580136,30.039951279909705,0.5681978225960527,30.238329999861072,-0.5837904981147182,81.07225454545454,51.69003989366492,4.542380956210985
B2C15,184,0.017914442,0.016711526,0.018935438,0.89133042,0.89089859,29.751822756152155,28.165657,31.494835,14.603073333333304,-0.1434678324594774,3.0423637852349,29.75182275615212,0.5639758497765843,30.16700645803792,-0.5825006596936444,81.03003818181817,45.90991010435668,4.199322091611727
B2C15,185,0.0179023,0.016711526,0.018935438,0.89119691,0.89087069,29.641241001108693,27.546265,32.265465,14.786348333333445,-0.0911840435850437,3.0446537044345896,29.641241001108646,0.5599976099505488,29.76989545607817,-0.5796533771980554,81.0179009090909,46.455884945087774,4.269642081727742
B2C15,186,0.018284878,0.016711526,0.018935438,0.89092457,0.89044029,30.17987724374315,27.596317,33.078175,15.132345000000107,-0.0548399305345035,3.0575342276387376,30.179877243743203,0.5652445016396611,30.53832431953656,-0.5811247826010476,80.99314272727273,29.252956052217822,4.519536186238563
B2C15,187,0.017944973,0.016711526,0.018935438,0.89046657,0.88999736,30.248497717439346,29.164862,31.571215,14.76116666666688,-0.1456274965274434,3.051922100110376,30.248497717439296,0.5646229595973274,30.142166158060565,-0.5823280394265986,80.95150636363635,44.53705902032096,4.409785504114395
B2C15,188,0.018052191,0.016711526,0.018935438,0.88960183,0.88915247,29.816517057208188,28.830477,31.178211,14.987956666667014,-0.1299715241687955,3.038112745194508,29.81651705720824,0.5621412028572297,29.69404776663775,-0.5782719993215923,80.87289363636363,39.71591501822019,4.477760303622231
B2C15,189,0.018213565,0.016711526,0.018935438,0.88923907,0.88885164,29.647214451648384,28.825537,31.050768,15.09746833333338,-0.0818322387714485,3.072069370659341,29.64721445164835,0.5609875600202581,29.6877625469436,-0.5795713778598393,80.83991545454545,32.459602718093095,4.379881700834432
B2C15,190,0.018358532,0.016711526,0.018935438,0.88875818,0.88830948,29.88100927282853,28.66267,31.848654,15.314794999999869,-0.080388919272702,3.057149415367483,29.881009272828507,0.5616010971326021,30.18229100053849,-0.5789466436925516,80.79619818181817,25.941044429815523,4.5397457332104
B2C15,191,0.018007591,0.016711526,0.018935438,0.88846362,0.8880741,30.285387042316263,29.270548,31.273415,15.031663333333078,-0.1319389472284872,3.058296429398664,30.28538704231625,0.564003707833779,29.97014097915538,-0.5786575449491754,80.76942,41.72139005500217,4.582875389804512
B2C15,192,0.018296698,0.016711526,0.018935438,0.88739073,0.88689917,29.63196630760624,28.773901,30.554842,15.45678666666645,-0.0920474242779438,3.044605831991052,29.631966307606262,0.5610222600815464,29.78359803134489,-0.5769544582980223,80.67188454545455,28.721460201662623,4.571588770200321
B2C15,193,0.018337956,0.016711526,0.018935438,0.88711303,0.88664222,29.29185346488294,28.146858,30.357071,15.636819999999716,-0.0966590293246508,3.0535864755852846,29.291853464882944,0.5592173212913927,29.56089042241832,-0.585360299744312,80.64663909090908,26.86626089521529,4.56036061629983
B2C15,194,0.01824268,0.016711526,0.018935438,0.88658297,0.8862347,29.404772383167224,27.804314,31.427868,15.584818333333534,-0.0440980406317791,3.046505355260244,29.404772383167224,0.5587455176324561,29.81547971234649,-0.5786382072346513,80.5984518181818,31.15042321818484,4.572565065375943
B2C15,195,0.018105242,0.016711526,0.018935438,0.88627446,0.88576037,29.76426835240274,28.818935,31.189903,15.727803333333576,-0.194133571810131,3.046207755606407,29.764268352402745,0.5624226142598484,29.8790937372564,-0.5780954891287086,80.57040545454545,37.33043393803347,4.513770524659642
B2C15,196,0.018398931,0.016711526,0.018935438,0.8857156,0.88519615,29.576134615131647,28.777828,30.263626,16.126963333333453,-0.0674828691598782,3.041885141776316,29.57613461513158,0.5589224054574917,29.54188859205896,-0.5763292589158009,80.5196,24.1244707524398,4.598653725172022
B2C15,197,0.018470179,0.016711526,0.018935438,0.88550287,0.8849709,29.436187479074984,28.714975,30.048082,16.325211666666533,-0.1024649971381661,3.051924046475772,29.43618747907489,0.5588980615045,29.56385739637011,-0.5761808382671425,80.5002609090909,20.92074686408453,4.704147293929404
B2C15,198,0.018552251,0.016711526,0.018935438,0.8846699,0.88417327,29.466458555056217,28.263231,30.761768,16.437023333333492,-0.0657122172488838,3.0559155610112354,29.46645855505618,0.5601768971571807,30.043007468860047,-0.5784438694526784,80.42453636363635,17.230313069941637,4.853730713842175
B2C15,199,0.018412119,0.016711526,0.018935438,0.88385767,0.88342136,30.006271524798187,27.975929,35.083157,16.181244999999763,-0.0696215337253852,3.041393487081892,30.006271524798155,0.5637560002993341,30.3865591978723,-0.5793895925632513,80.35069727272727,23.53146167654108,4.550394906846614
B2C15,200,0.018501414,0.016711526,0.018935438,0.88318837,0.88270986,29.93115294541229,28.644972,31.402756,16.94058500000004,-0.1273143212661059,3.027624947270615,29.93115294541231,0.5593119400850777,30.00323857740544,-0.5740643225332261,80.28985181818182,19.51623985121707,4.408964677383816
B2C15,201,0.018602408,0.016711526,0.018935438,0.88330829,0.88279635,29.55806862611609,27.945745,31.421717,17.450274999999966,-0.0048106680371345,3.053921537388393,29.55806862611607,0.5546171387514586,30.090478648579943,-0.5763807268898482,80.30075363636364,14.974963038105749,4.140437215321937
B2C15,202,0.018546328,0.016711526,0.018935438,0.88290602,0.88250351,29.522636958473587,27.223324,32.576427,18.07647999999996,-0.0782173734513344,3.043725505499439,29.522636958473623,0.5511648476281059,30.17648423744559,-0.5726389898953198,80.26418363636363,17.49664555072316,4.3062148225491415
B2C15,203,0.01847907,0.016711526,0.018935438,0.88271004,0.88227254,29.66182240809628,27.506575,32.016571,18.57517333333332,-0.1069273253280019,3.046645530743983,29.66182240809628,0.555157385806646,29.95190553362672,-0.5734549967157591,80.24636727272726,20.52095586516009,4.362196134572312
B2C15,204,0.01873422,0.016711526,0.018935438,0.88203371,0.88164717,29.767828764771423,28.659742,30.885305,18.891593333333244,-0.0946768805058577,3.044560271460424,29.767828764771465,0.55505201365396,29.89762165531849,-0.5768419139041622,80.18488272727272,9.047929954062916,4.40585169263802
B2C15,205,0.019011695,0.016711526,0.018935438,0.88128859,0.8808614,29.316958499454746,28.55242,30.295387,20.120753333332928,-0.1384590954723799,3.0486773001090515,29.316958499454746,0.5526892033013011,29.3296602803461,-0.5714485111401296,80.11714454545455,-3.428957620625267,4.373822632644748
B2C15,206,0.018964136,0.016711526,0.018935438,0.8812868,0.88081896,29.353971120746447,28.53191,30.624968,20.732776666666904,-0.1165542083422311,3.0668537160263445,29.35397112074643,0.5515123484676665,29.288598527108302,-0.5709186742677969,80.11698181818183,-1.2904287579724665,4.716169417740502
B2C15,207,0.019051207,0.016711526,0.018935438,0.88089389,0.88042963,29.542326994714468,28.930401,31.221241,21.906704999999786,-0.0922412167983857,3.068047532875264,29.54232699471459,0.5546693682777689,29.735287595205488,-0.5748095157164259,80.08126272727272,-5.2056466263054375,4.332087092620233
